PAPER_ID,PUBLISHABLE,CONFERENCE,RATIONALE
P001,1,KDD,"The provided paper fits within the scope of the KDD conference due to its focus on data mining and knowledge discovery techniques. The research applies clustering methods, particularly DBSCAN, to analyze LiDAR data for drone monitoring and position estimation. This approach aligns with the conference's interest in developing innovative data analysis algorithms and their applications in various domains. Furthermore, the paper's exploration of 3D point cloud data for object detection and tracking is relevant to the conference's emphasis on spatiotemporal data analysis and computer vision. The research methodology and technical approach employed in the paper align well with the conference's focus on data-driven approaches and machine learning techniques for knowledge extraction."
P002,0,NA,NA
P003,1,EMNLP,"The given research paper belongs to the EMNLP conference because it aligns with the conference's focus on natural language processing and machine learning. The paper presents a novel framework that integrates explainable reinforcement learning with financial market simulation, leveraging techniques from both domains to enhance the transparency and interpretability of decision-making processes. This approach aligns well with the conference's interest in developing interpretable and accountable AI systems. Furthermore, the paper explores unconventional approaches such as incorporating surrealistic art principles and chaos theory into the framework, which demonstrates the conference's openness to innovative research methodologies and unconventional ideas."
P004,1,NeurIPS,"The research paper belongs to the NeurIPS conference because it aligns with the conference's focus on novel theoretical and methodological advancements in the field of machine learning and artificial intelligence. The paper introduces the concept of training-free graph neural networks (TFGNNs), which is a novel approach for transductive node classification. TFGNNs utilize labels as features, which significantly improves the representational capacity of GNNs. The paper also provides a formal proof of this enhanced representational power. Furthermore, the paper empirically demonstrates that TFGNNs outperform existing GNNs in scenarios where training is not performed. These contributions align with the core themes of NeurIPS, demonstrating the paper's relevance to the conference."
P005,1,CVPR,"The research paper is a good fit for the CVPR conference due to its focus on computer vision techniques for clothing segmentation and identification. The paper presents a novel method for co-parsing groups of clothing images, which involves iteratively refining image regions and assigning semantic labels to these segments. The method addresses challenges such as the wide variety of clothing styles and textures, variations in human poses, and the existence of numerous clothing categories. The paper also utilizes contextual cues related to how clothing items are typically arranged and related to each other. The proposed method is evaluated on two datasets and demonstrates improved performance over current leading methods."
P006,0,NA,NA
P007,1,EMNLP,"This research paper belongs to EMNLP (Empirical Methods in Natural Language Processing) conference due to its focus on advancing the field of natural language processing through empirical methods. The paper presents a novel approach to joint syntacto-discourse parsing and the development of a syntacto-discourse treebank, which aligns with EMNLP's interest in developing innovative NLP techniques and resources. Additionally, the paper's use of span-based constituency parsing and discourse parsing methods, as well as its focus on end-to-end parsing, are in line with current research trends in EMNLP. The paper's contributions to the field of discourse parsing, particularly its proposal for a joint syntacto-discourse treebank and end-to-end parsing algorithm, are significant and align well with the scope of EMNLP."
P008,1,EMNLP,"The research paper on ""Optimized Transfer Learning with Equivariant Pretrained Models"" aligns well with the EMNLP conference due to its focus on natural language processing and its technical approach. EMNLP is a leading conference for research on natural language processing, bringing together researchers and practitioners to present and discuss the latest advancements in the field. The paper's examination of transfer learning techniques, particularly the use of equivariant pretrained models, is a relevant topic within the scope of EMNLP. Furthermore, the paper's contributions to the understanding of how to optimize transfer learning in the context of natural language processing tasks demonstrate the paper's relevance to the conference's focus on advancing the state-of-the-art in NLP research."
P009,1,KDD,"The research paper belongs to the KDD conference because it aligns with the conference's focus on knowledge discovery and data mining. The paper presents a novel approach to online aggregation of Bayesian models using basis function expansions. This approach extends the existing Incremental Ensembles of Gaussian Processes (IE-GPs) framework and overcomes its dependence on random Fourier feature (RFF) approximation. By employing alternative basis expansions, such as Hilbert space Gaussian processes (HSGPs), the proposed method enhances performance and enables the combination of diverse models. The paper also introduces a new technique for integrating static and dynamic models, extending the expressiveness of online aggregation methods. These contributions align with the core themes of KDD, which include the development of scalable and efficient algorithms for extracting knowledge and insights from large-scale data."
P010,1,KDD,"This paper is well-suited for the KDD conference because it aligns with the conference's focus on data mining and knowledge discovery. The research question addressed in the paper concerns optimizing user satisfaction in recommender systems using reinforcement learning. The proposed model-based counterfactual advantage learning (MBCAL) approach leverages data mining techniques to predict user behavior and maximize sample efficiency.

The technical approach employed in the paper involves a combination of model-based and counterfactual learning. This approach is novel and contributes to the advancement of knowledge in the field of data mining. The paper also demonstrates the effectiveness of MBCAL through extensive experiments and theoretical analysis. These results further validate the paper's significance and its potential impact on the field of data mining."
P011,1,KDD,"The paper titled ""Controlling False Discovery Rates in Detecting Heterogeneous Treatment Effects for Online Experiments"" is a suitable fit for the KDD conference due to its focus on data mining and knowledge discovery. The research investigates the detection of heterogeneous treatment effects (HTE) in online controlled experiments (A/B testing), which is a prevalent practice in the industry for evaluating feature modifications and product releases. The paper's methodology involves employing statistical techniques to systematically identify user cohorts with varying treatment effects and determining user factors that contribute to this heterogeneity. The outcomes of these methods are validated using both simulated and real-world experimental data, demonstrating their efficacy in maintaining a low false discovery rate (FDR). The research also discusses the implementation of a toolkit based on these methods and its application in evaluating HTE across numerous A/B tests at Snap. Furthermore, the paper explores the rationale for utilizing FDR and compares two statistical approaches for FDR control, providing valuable insights into HTE detection and contributing to the advancement of knowledge in the field."
P012,1,EMNLP,"The research paper belongs to the EMNLP conference due to its focus on natural language processing (NLP). The paper specifically examines scaling laws in transformers for next-token language prediction, which is a core area of research in NLP. The paper's analysis and methodology align with the technical approach and domain focus of EMNLP, making it a suitable publication for this conference."
P013,1,EMNLP,"This paper belongs to the EMNLP conference because it focuses on Natural Language Processing (NLP), specifically on developing methods to explain the decisions made by deep neural network classifiers in the NLP domain. The paper proposes a new approach called PatternAttribution, which is based on the PatternNet method originally developed in the vision domain. PatternAttribution is evaluated on a text classification task using a CNN model, and the results show that it can generate meaningful explanations of the model's decisions. Overall, the paper's focus on NLP and its use of a method originally developed in the vision domain make it a suitable fit for the EMNLP conference."
P014,1,CVPR,"This paper belongs to the CVPR conference because it focuses on advancements in audio-visual active speaker detection, which falls under the domain of computer vision. The research methodology involves utilizing 3D convolutional neural networks (CNNs) for feature extraction, which is a common technique in CVPR. Additionally, the technical approach employed, including the use of temporal convolution and LSTM classifiers for determining active speakers, is relevant to the field of computer vision. The paper also leverages the A V A-ActiveSpeaker dataset, which is widely recognized within the CVPR community, further supporting its relevance to the conference."
P015,1,CVPR,"The paper belongs to the CVPR conference because it focuses on computer vision applications in autonomous driving. Specifically, it presents a dataset and challenges for trajectory forecasting and 3D perception. The dataset includes labeled trajectories and 3D point clouds collected in urban traffic conditions, which is valuable for developing and evaluating CVPR-related algorithms. Furthermore, the challenges and evaluation metrics are designed to assess the performance of CVPR algorithms in real-world autonomous driving scenarios."
P016,0,NA,NA
P017,1,KDD,"The research paper belongs to the KDD conference because it aligns with the domain focus, research methodology, and technical approach commonly found in KDD submissions. The paper addresses the challenge of detecting and summarizing video highlights using time-synchronized video comments, a topic relevant to the KDD conference's interest in data mining and analysis. It employs a novel framework that leverages concept-mapped lexical chains for lag calibration, models video highlights based on comment intensity and combined emotion-concept concentration, and summarizes highlights using an enhanced SumBasic algorithm. These methodological approaches align with KDD's focus on developing cutting-edge techniques for data analysis and knowledge discovery. Furthermore, the paper's use of real-world datasets and extensive evaluations demonstrate a rigorous research approach, consistent with the high standards expected in KDD submissions."
P018,1,NeurIPS,"The research paper aligns with the NeurIPS conference due to its focus on enhancing deep reinforcement learning with plasticity mechanisms. NeurIPS is known for its emphasis on advancing neural information processing systems, including deep learning and reinforcement learning. The paper's investigation into plasticity loss, a phenomenon affecting the long-term performance of RL agents, aligns with the conference's interest in addressing fundamental challenges in machine learning. Furthermore, the paper's introduction of a novel ""plasticity injection"" approach demonstrates its innovative nature and potential contribution to the field. The targeted approach of plasticity injection, its focus on diagnostic frameworks, and its ability to mitigate plasticity loss without altering network architecture are in line with the conference's dedication to cutting-edge research in neural networks and reinforcement learning."
P019,1,KDD,"The research paper belongs to the KDD conference because it aligns with the conference's focus on discovering knowledge from data. The paper leverages machine learning techniques to derive insights from real-world data collected from a digital adherence technology (DAT) used for tuberculosis (TB) treatment in India. The research establishes a methodology to mitigate the impact of unrecorded interventions in the training data used for machine learning, ultimately developing a deep learning model for risk and outcome prediction in TB treatment. This aligns with KDD's emphasis on novel data mining techniques, as well as its interest in healthcare and medical applications of data science. The paper's focus on utilizing data to improve patient care and enhance healthcare decision-making further aligns with KDD's mission to advance the field of knowledge discovery and data mining for the benefit of society."
P020,1,EMNLP,"The research paper aligns with the scope of EMNLP (Empirical Methods in Natural Language Processing) conference due to its focus on developing and evaluating computational methods for natural language processing tasks. Specifically, the paper employs deep learning techniques to address the challenging task of protein structure prediction, which involves understanding the complex relationships between amino acid sequences and their corresponding 3D conformations. This line of research falls under the umbrella of natural language processing, as proteins can be viewed as sequences of amino acids, and the goal of predicting their 3D structures involves understanding the intricate relationships and patterns within these sequences. The paper's methodology, utilizing convolutional neural networks and recurrent neural networks, as well as its focus on enhancing prediction accuracy and exploring the potential for novel structural discoveries, further aligns with the core themes of EMNLP."
P021,1,NeurIPS,"The provided research paper belongs to the NeurIPS conference due to its alignment with the conference's focus on machine learning and artificial intelligence. The paper addresses a problem in autonomous driving, which is a prominent research area within machine learning. Additionally, the paper employs a novel approach utilizing a self-attention mechanism and a modified loss function, demonstrating the innovative and technical nature of the research. These aspects align well with the standards and scope of NeurIPS, a leading conference in the field of machine learning."
P022,1,CVPR,"The research paper ""Enhancing Urban Crop Cultivation Using Drone-Based Swarm Strategies: A Sociobiological Approach to Automated Pollination"" is a compelling addition to the CVPR conference due to its significant contributions to the field of computer vision and pattern recognition. The paper presents a novel application of drone-based swarm robotics in urban farming, leveraging insect-inspired communication and coordination strategies to enhance crop cultivation.

Firstly, the paper introduces the concept of ""drone dance rituals,"" inspired by the intricate movement patterns of insects, and demonstrates their effectiveness in facilitating communication and coordination within swarm systems. This research aligns with the conference's focus on pattern recognition and analysis, showcasing an innovative approach to swarm robotics control.

Secondly, the paper explores the impact of drone dance rituals on crop growth and soil quality, uncovering a potential symbiotic relationship between drones and plants. This finding contributes to the conference's domain focus on applications of computer vision in agriculture and environmental monitoring.

Moreover, the paper investigates the influence of drones' dance patterns on human farmers, highlighting their positive impact on psychological well-being and job satisfaction. This aspect aligns with the conference's interest in human-computer interaction and the role of technology in enhancing human experiences.

Overall, the paper's synergy with CVPR's research themes, technical approach, and domain focus makes it a valuable contribution to the conference and the broader field of computer vision and pattern recognition."
P023,1,KDD,"The paper presents a biologically-inspired model for predicting eye fixations based on the Reverse Hierarchy Theory (RHT). This theory suggests that visual attention propagates from coarse to fine levels of the visual hierarchy, which is captured by the model's design. The model processes images at different scales, representing coarser and finer levels of the visual hierarchy and derives saliency based on unpredictability in coarse-to-fine reconstruction. The paper falls within the scope of KDD due to its focus on developing computational models of human cognition and perception. The model's biological inspiration, its use of hierarchical processing, and its emphasis on predicting eye fixations align well with KDD's interest in data mining, machine learning, and the intersection of computer science and psychology."
P024,1,NeurIPS,"The provided research paper belongs to the NeurIPS conference because it aligns with the conference's focus on theoretical and technical topics in machine learning and computational neuroscience. The paper demonstrates a novel label-only backdoor attack mechanism, FLIP, which exploits vulnerabilities in the training process of machine learning models. This attack approach is distinct from traditional backdoor attacks that modify input data, making it more subtle and potentially harder to detect. The paper presents a comprehensive analysis of FLIP's effectiveness, considering factors such as noisy labels, defense mechanisms, and trade-offs between clean test accuracy and poison test accuracy. These investigations illustrate the paper's focus on technical approaches and vulnerability analysis, which are core aspects of the NeurIPS conference."
P025,1,CVPR,"This research paper is a suitable fit for the CVPR conference due to its alignment with the conference's focus on computer vision research. The paper presents a novel approach to scene parsing that combines multiple probabilistic classifiers to improve label likelihood scores at the superpixel level and incorporates semantic context into the parsing process using global label costs. This approach addresses the limitations of existing parametric and nonparametric scene parsing techniques, enhancing overall accuracy and improving the recognition rates of less frequently represented foreground categories. The paper's technical approach and domain focus are closely aligned with the research interests of the CVPR community, making it a valuable contribution to the field."
P026,1,KDD,"The paper titled ""Exploring Bioacoustic Soundscapes with Generative Adversarial Networks: Investigating Novel Audio Stimuli for Enhanced Engagement"" aligns well with the KDD conference's focus on data mining and knowledge discovery in various domains. The research outlined in the paper employs Generative Adversarial Networks (GANs) to translate whale song patterns into trance music, exploring the potential impact of such stimuli on human creativity, cognitive function, and well-being. This interdisciplinary approach, which combines data analysis, machine learning, psychoacoustics, and even speculative applications in biology and paranormal research, fits within the broad scope of KDD. Furthermore, the paper's methodology, technical approach, and exploration of novel domains align with the conference's emphasis on cutting-edge research and the discovery of new knowledge from data."
P027,1,EMNLP,"The paper is well-suited for EMNLP due to its focus on natural language processing in social media contexts and its analysis of emojis, a prevalent communication form in social media. The paper presents an innovative approach to learn emoji representations by leveraging their descriptions, addressing the lack of emoji embeddings in existing pre-trained word embedding resources. This research contributes to the understanding of emoji semantics and their role in social media communication, aligning with the conference's interest in natural language processing for social media data and novel representation learning techniques."
P028,1,EMNLP,"The provided paper is well-suited for the EMNLP conference based on its focus on natural language processing (NLP) and its alignment with the conference's core themes of ambiguity resolution, multimodal understanding, and grounded language understanding. The paper presents a novel task and dataset for disambiguating ambiguous sentences using visual context, which is highly relevant to EMNLP's mission of advancing research in NLP. The paper's technical approach, which involves extending a vision model to recognize different interpretations of sentences, aligns with the conference's emphasis on innovative and effective NLP methods. Furthermore, the paper's exploration of the relationship between language and vision aligns with EMNLP's commitment to fostering interdisciplinary research at the intersection of NLP and other fields."
P029,1,KDD,"The paper introduces OpenOmni, an open-source, end-to-end multimodal systems benchmarking platform. KDD is a leading conference in the field of knowledge discovery and data mining, and the paper's focus on benchmarking and evaluating multimodal systems is highly relevant to this conference. The paper also presents a comprehensive analysis of the performance of OpenOmni, which is another important aspect of KDD research. Additionally, the paper's open-source nature and its focus on fostering research and development in the field of multimodal systems align well with the goals of KDD. Therefore, it is likely that the paper would be a good fit for the KDD conference."
P030,1,CVPR,"This paper belongs to CVPR because it focuses on advancements in memory optimization for dynamic shape graphs in deep learning tasks, which is a relevant and active research area in computer vision. The paper presents a novel approach using symbolic shape analysis to address memory optimization challenges in dynamic shape graphs, enabling effective kernel creation for graphs with stable structures but uncertain tensor shapes. The research methodology involves a hybrid approach combining compilation and runtime techniques, which is particularly relevant to the CVPR conference. The paper also aligns with the conference's emphasis on technical approaches that enhance memory usage, making it a suitable fit for CVPR."
P031,1,EMNLP,"The paper belongs to the EMNLP conference because it aligns with the conference's focus on natural language processing (NLP) and machine learning techniques for understanding and generating human language. The paper specifically addresses the task of hate speech detection, which is a relevant topic within the NLP community and has been a focus of research at EMNLP in recent years.

Furthermore, the paper presents a novel approach for hate speech detection using Graph Neural Networks (GNNs), which is a cutting-edge technique in NLP. GNNs have been shown to be effective for tasks involving complex relationships between data points, making them well-suited for hate speech detection, as it often involves identifying patterns and connections within text."
P032,0,NA,NA
P033,1,EMNLP,"The research paper belongs to the EMNLP conference as it presents a transition-based AMR parser that directly generates AMR parses from plain text. Transition-based parsing algorithms, also known as shift-reduce algorithms, have been successfully applied to various NLP tasks, including dependency parsing, phrase-structure parsing, and named entity recognition. The paper's methodology involves using Stack-LSTMs to represent the parser state and making decisions greedily. This approach is similar to other papers presented at EMNLP, which often explore novel parsing algorithms and neural network architectures for various NLP tasks. Furthermore, the paper focuses on AMR parsing, which is a specific domain within natural language processing that is frequently addressed in EMNLP submissions."
P034,1,NeurIPS,"The research paper belongs to the NeurIPS conference because it aligns with the conference's focus on cutting-edge research in neural information processing systems. Specifically, the paper presents a novel approach to enhancing Vision Transformers (ViTs) through the Dual PatchNorm (DPN) modification. This approach involves incorporating two Layer Normalization (LayerNorm) layers before and after the patch embedding layer in ViTs, which deviates from the standard pre-LN strategy used in these models.

The paper's methodology aligns with the conference's emphasis on robust and innovative research methods. The authors conduct extensive experimentation on various tasks, including image classification, contrastive learning, semantic segmentation, and transfer learning, to evaluate the effectiveness of DPN. Their rigorous analysis and empirical results demonstrate the superiority of DPN over well-optimized standard ViTs, providing strong evidence for its significance to the field of neural information processing.

Furthermore, the paper explores the impact of different LayerNorm placements within the Transformer block and provides insights into the role of LayerNorms in ViT models. This investigation contributes to the conference's broader objective of advancing our understanding of neural network architectures and their optimization."
P035,0,NA,NA
P036,0,NA,NA
P037,1,EMNLP,"The paper titled ""A Chinese Span-Extraction Dataset for Machine Reading Comprehension"" belongs to the EMNLP conference based on its research methodology, technical approach, and domain focus. The paper introduces a novel dataset for Chinese machine reading comprehension, focusing on span extraction. This aligns with the EMNLP conference's focus on natural language processing and machine learning techniques, particularly in areas such as machine reading comprehension and question answering. The paper also employs human experts to create natural and diverse questions, which is a common practice in EMNLP research. Furthermore, the dataset is designed to facilitate research in Chinese machine reading comprehension, which aligns with the conference's objective of advancing research in natural language processing for different languages."
P038,0,NA,NA
P039,0,NA,NA
P040,1,NeurIPS,"The paper suggests a novel methodology for sustainable architectural design that leverages 3D Convolutional Neural Networks (CNNs) to approximate steady turbulent flow within a 3D environment. This approach enables real-time prediction of flow fields and reverse design workflow, allowing designers to generate building volumes based on desired wind flow patterns. The research aligns with the scope of the NeurIPS conference, which focuses on advancing machine learning and artificial intelligence for various applications, including scientific discovery and engineering. NeurIPS has a strong track record of publishing high-quality research in computational fluid dynamics and deep learning, making it a suitable venue for this paper. Additionally, the paper's emphasis on sustainable design and its potential for improving energy efficiency and reducing environmental impact resonates with the conference's commitment to socially responsible research."
P041,0,NA,NA
P042,1,CVPR,"The paper is related to the CVPR conference due to its focus on computer vision and pattern recognition. The research methodology involves deep learning and semantic feature alignment, which are commonly used techniques in CVPR. The technical approach utilizes a novel deep similarity metric, DeepSim, which is designed to guide the optimization of learning-based registration models. This approach is particularly relevant to the field of medical imaging, and has been validated using three biomedical datasets with varying image modalities and applications. The paper also demonstrates the advantages of DeepSim over existing similarity metrics, such as Euclidean distance and normalized cross-correlation, in terms of registration accuracy and convergence speed. Additionally, the learned noise invariance of DeepSim results in smoother transformations on lower-quality images, which is a crucial aspect for medical imaging applications."
P043,0,NA,NA
P044,1,EMNLP,"The paper belongs to EMNLP because it aligns with the conference's focus on natural language processing and machine learning applications. The research presents a comprehensive multimodal dataset designed specifically for climate-conscious prediction of crop yields. The dataset integrates satellite imagery, meteorological parameters, and USDA crop data to capture both short-term weather variations and long-term climate change impacts on crop yields. The paper's technical approach utilizes deep learning solutions for accurate and timely crop yield predictions, highlighting its relevance to the conference's emphasis on machine learning advancements and their application in domain-specific tasks. Additionally, the paper's methodology aligns with the conference's focus on data-driven approaches and the development of large-scale datasets for research in natural language processing and machine learning."
P045,1,EMNLP,"The research paper belongs to the EMNLP conference because it covers topics related to natural language processing (NLP). The paper focuses on developing a novel approach to train a student model that can match the performance of multiple teacher models in NLP tasks. The paper also explores the hardware-efficient architecture for the student model, which is important for deploying NLP models on resource-constrained devices. The research methodology, technical approach, and domain focus of the paper align with the scope of the EMNLP conference, which focuses on advancements in NLP research and development."
P046,1,NeurIPS,"The research paper belongs to the NeurIPS conference because it focuses on developing adversarial attacks against Graph Neural Networks (GNNs). The paper introduces a novel threat model, called symbiotic attacks, which combines both poisoning and evasion attacks. This attack model is significant because it considers the scenario where an attacker can manipulate the entire graph, rather than individual nodes. Additionally, the paper develops a memory-efficient and scalable attack algorithm based on the PR-BCD method, which is specifically designed for attacking GNNs under structural perturbations. These contributions align with the research focus of the NeurIPS conference, which includes advancing the state-of-the-art in adversarial machine learning and developing robust defense mechanisms against such attacks."
P047,0,NA,NA
P048,0,NA,NA
P049,1,NeurIPS,"The paper ""Improving Model Generalization Using a Single Data Sample for Semantic Adaptation"" belongs to the NeurIPS conference based on its research methodology, technical approach, and domain focus. NeurIPS is a leading conference in the field of machine learning and artificial intelligence, and papers accepted to the conference are expected to make significant contributions to the field. This paper presents a novel self-adaptive methodology for semantic segmentation, which modifies the inference mechanism to accommodate each input sample individually. This adaptation involves refining convolutional layer parameters based on the input image and modifying Batch Normalization layers by dynamically blending the training distribution with a reference distribution extracted from a single test sample. These techniques are individually recognized in the field, but their combined application establishes new benchmarks in accuracy for generalization from synthetic to real-world data. The paper's focus on improving model generalization using a single data sample for semantic adaptation is well aligned with the conference's focus on advancing the state-of-the-art in machine learning and artificial intelligence."
P050,1,EMNLP,"The provided paper aligns well with the EMNLP conference's scope. 

EMNLP encompasses research on natural language processing (NLP) using statistical and machine learning methods. The paper presents a novel approach to interpreting deep learning models used in NLI tasks. This research aligns with EMNLP's focus on advancing NLP models and their interpretability.

The paper's methodology aligns with EMNLP's emphasis on empirical analysis and data-driven approaches. The authors employ visualization techniques to examine attention and gating signals in LSTM models, providing a deeper understanding of these models' inner workings.

Moreover, the paper contributes to EMNLP's interest in natural language understanding and inference. The focus on interpreting NLI models aligns with the conference's objective of improving NLP systems' ability to reason and make logical inferences from text."
P051,1,EMNLP,"The research paper delves into real-time unsupervised domain adaptation (DA) for enhanced part-of-speech (POS) tagging. This topic aligns well with the scope of the EMNLP conference, which focuses on empirical methods in natural language processing. The paper's emphasis on incremental adaptation, representation learning, and the evaluation of real-time unsupervised DA methods for POS tagging fits within the conference's interest in novel and effective techniques for NLP tasks. Additionally, the paper's exploration of real-time adaptation, where domain adaptation is carried out incrementally as data is received, addresses a specific challenge in NLP that is relevant to the EMNLP audience. Furthermore, the paper's contributions, including the proposed method for real-time unsupervised domain adaptation and its evaluation on POS tagging tasks, align with the conference's goal of disseminating high-quality research in NLP."
P052,1,NeurIPS,"This paper is best suited for the NeurIPS conference because it aligns with the conference's focus on neural information processing systems and machine learning research. The paper presents a novel neural network architecture, the Alpha Discovery Neural Network (ADNN), specifically designed for automated feature extraction in financial trading applications. The research methodology employed in the paper, including domain-specific expertise in quantitative trading, pre-training and model pruning techniques, and empirical evaluations, is consistent with the rigorous scientific standards of NeurIPS. The technical approach, which leverages deep learning for feature extraction, aligns with the conference's emphasis on cutting-edge machine learning methods. Furthermore, the paper's focus on financial trading signals falls within the domain of NeurIPS, which welcomes submissions related to applications of machine learning in real-world scenarios."
P053,0,NA,NA
P054,1,CVPR,"The research paper ""3D Food Modeling from Images: Advancements in Physically-Aware Reconstruction"" is well-suited for the CVPR conference due to its focus on computer vision and image processing techniques. The paper presents a comprehensive workshop and challenge that explores the use of 2D images to create volume-accurate 3D models of food items. This aligns with the conference's interest in advancing computer vision research, particularly in the domain of 3D reconstruction. The paper demonstrates the use of innovative methodologies and technical approaches, such as physically informed 3D reconstruction, which are relevant to the conference's focus on cutting-edge research. Furthermore, the paper contributes to the field of computer vision by addressing the specific challenge of 3D food modeling, which has practical applications in dietary monitoring and nutritional tracking."
P055,1,EMNLP,"The paper belongs to EMNLP due to its focus on the experiences of researchers in articulating the broader impact of their work. EMNLP is a conference that emphasizes the ethical and societal implications of natural language processing research, and this paper aligns with that theme by exploring how researchers responded to the requirement for a broader impact statement. The paper's research methodology, including the use of a survey to gather perspectives from researchers, is also consistent with the approaches used in other EMNLP papers. Additionally, the paper's technical focus on the content and drafting process of broader impact statements is relevant to the conference's interest in advancing ethical research practices in natural language processing."
P056,0,NA,NA
P057,1,KDD,"This research paper belongs to the KDD conference because it aligns with the conference's focus on data mining and knowledge discovery. The paper introduces a novel approach to human-machine interaction, where artists and a computer collaborate in iterative creative rounds. The computer uses machine learning to partially complete the artwork at each stage, which is then modified or incorporated by the artists. This human-machine interaction framework fits within the scope of KDD, as it involves the analysis and interpretation of data (in this case, the canvas strokes) to support creativity and decision-making. Additionally, the use of machine learning techniques and the exploration of the relationship between humans and machines aligns with the conference's focus on data-driven solutions and the impact of technology on society."
P058,1,KDD,"The research paper belongs to the KDD conference because it aligns with the conference's focus on data mining and knowledge discovery. The paper demonstrates a novel approach to enhancing the capabilities of recurrent neural networks (RNNs) in handling extensive vocabularies. This research falls under the domain of data mining, specifically in the area of natural language processing, where large vocabularies are prevalent.

Furthermore, the paper employs a rigorous research methodology, utilizing synthetic benchmarks to evaluate the effectiveness of positional encoding in RNNs. The technical approach involves a detailed analysis of gradient instability caused by infrequent tokens, providing a comprehensive understanding of the problem and its solution. These aspects align well with the technical rigor expected at the KDD conference."
P059,1,KDD,"The research paper ""Large Vocabulary Handling in Recurrent Neural Networks Enhanced by Positional Encoding"" belongs to the KDD conference because it shares similarities with other papers from this conference in terms of research methodology, technical approach, and domain focus. The paper employs synthetic benchmarks to evaluate the effectiveness of its proposed method, which is a common approach in KDD. The technical approach of using positional encoding to improve the learning capabilities of RNNs is novel and aligns with the conference's focus on advancing the state-of-the-art in data mining and knowledge discovery. Moreover, the paper addresses a practical problem in machine learning, namely, training RNNs on large vocabularies, which is relevant to many real-world applications."
P060,1,CVPR,"The provided research paper belongs to the CVPR conference because it aligns with the conference's research focus on computer vision and pattern recognition. The paper presents a novel approach to background modeling using adaptive pixelwise kernel variances in a hybrid feature space. This approach combines probabilistic models with complex feature representations to improve the accuracy of background subtraction. The paper contributes to the existing body of knowledge in the field of background modeling by proposing a more sophisticated and effective method for distinguishing between background and foreground pixels in video sequences. The research methodology, technical approach, and domain focus of the paper are all highly relevant to the interests of the CVPR community and align with the conference's mission to advance the field of computer vision."
P061,1,KDD,"The paper titled ""Enhancing Visual Representation Learning Through Original Image Utilization in Contrastive Learning"" is well-suited for the KDD conference due to its alignment with the conference's focus on knowledge discovery and data mining. The paper's research methodology, technical approach, and domain focus all resonate with the conference's core themes.

Firstly, the paper employs a robust research methodology that involves extensive experimentation and evaluation on various datasets. This approach aligns with the KDD conference's emphasis on rigorous and reproducible research.

Secondly, the paper's technical approach, which involves leveraging original images for contrastive learning, represents a novel contribution to the field of representation learning. This originality and innovation are highly valued at the KDD conference.

Finally, the paper's domain focus on visual representation learning is directly relevant to the conference's interests in data mining and knowledge discovery from complex data types. The paper's findings on enhancing visual representation learning have implications for various applications, including image classification, object detection, and computer vision.

In summary, the paper's research methodology, technical approach, and domain focus make it a valuable contribution to the KDD conference and its attendees."
P062,1,NeurIPS,"The paper you provided belongs to the NeurIPS conference because it aligns well with the conference's research interests and aligns with other papers in terms of research methodology, technical approach, and domain focus. Specifically, NeurIPS focuses on advancing neural information processing systems, which encompasses the adaptation of large pretrained models, equivariance properties, and regularization techniques. The paper explores these topics in depth, utilizing a cross-moment method to maintain equivariance during model adaptation. This approach aligns with NeurIPS' emphasis on innovative and rigorous research in machine learning and neural networks. Additionally, the paper's focus on preserving equivariance, which is crucial for applications in domains with inherent symmetries, resonates with NeurIPS' interest in advancing research that has practical implications."
P063,1,EMNLP,"The research paper ""Representation Transferability in Neural Networks Across Datasets and Tasks"" is a suitable fit for the EMNLP conference, which focuses on natural language processing (NLP) and machine learning. The paper investigates the transferability of representations in deep neural networks across different datasets and tasks. This aligns well with EMNLP's interest in exploring the latest advancements and challenges in NLP. Furthermore, the paper employs methodologies commonly used in the field of NLP, such as transfer learning, task-oriented evaluations, and deep network architectures, further supporting its relevance to the conference."
P064,1,EMNLP,"The paper presents a novel self-instruction framework that empowers open-source large language models (LLMs) to effectively utilize multi-modal tools for tasks involving visual comprehension and image generation. This approach focuses on enhancing the model's ability to understand and utilize tool descriptions, enabling seamless integration with a wide range of visual tools without requiring extensive retraining. The paper describes the methodology in detail and presents experimental results demonstrating significant improvements in performance across various visual tasks, including image captioning, visual question answering, and image generation. The paper's focus on open-source LLMs and multi-modal tool utilization aligns well with the mission of EMNLP, a conference dedicated to the exploration of natural language processing and machine learning methods for extracting meaning from text and speech."
P065,1,TMLR,"This paper is well-suited for the TMLR conference due to its focus on the theoretical foundations of machine learning and its application to real-world problems. The paper presents a novel approach to assessing the stability of generative AI models in a recursive inpainting scenario, which is a unique process that involves recursion only during inference. The paper's findings provide valuable insights into the behavior of generative AI models and have implications for the development of more robust and stable models in the future. Additionally, the paper's methodological approach and technical rigor align well with the standards of the TMLR conference."
P066,1,EMNLP,"This paper belongs to the EMNLP conference because it focuses on natural language processing (NLP) and machine learning techniques. The paper proposes a new method for model compression based on vocabulary transfer, which is particularly relevant to the NLP domain. The research methodology involves evaluating the method on various vertical domains and downstream tasks, which aligns with the practical applications of NLP. The technical approach utilizes language models and tokenization techniques, which are core components of NLP research. Furthermore, the paper discusses related work in NLP compression, including quantization, pruning, and knowledge distillation, demonstrating its relevance to the field. Overall, the content and approach of the paper fit well within the scope of the EMNLP conference, which focuses on advancing research in NLP and machine learning for natural language understanding."
P067,1,EMNLP,"The research paper under consideration belongs to the EMNLP (Empirical Methods in Natural Language Processing) conference due to its strong alignment with the conference's focus on research in natural language processing (NLP). The paper showcases the development of a Python API for the FrameNet lexical database, which enables programmatic access and processing of linguistic data. This aligns well with EMNLP's interest in NLP tools and resources. Moreover, the paper demonstrates the technical approach of providing a user-friendly interface for browsing and interacting with the FrameNet data, aligning with EMNLP's emphasis on user-centric NLP applications. Additionally, the paper's domain focus on frame semantics and semantic role labeling is a key research area within the scope of EMNLP, making it a suitable fit for the conference."
P068,1,CVPR,"The provided paper is highly relevant to the CVPR conference due to its focus on computer vision and pattern recognition. The research methodology employed in the paper aligns with the conference's emphasis on cutting-edge techniques and algorithms in the field. The paper's technical approach, which involves feature flow transmission and object detection, falls within the scope of computer vision research presented at CVPR. Moreover, the domain focus of the paper, which revolves around vehicle-infrastructure cooperative 3D object detection, is closely related to the conference's interest in applications of computer vision in real-world scenarios."
P069,0,NA,NA
P070,0,NA,NA
P071,1,EMNLP,"The paper is related to the EMNLP conference because it investigates the role of fillers in textual representations of speech transcripts, which falls under the broad area of Natural Language Processing (NLP). The conference focuses on empirical methods in NLP, including research on speech and spoken language processing. Moreover, the paper's approach involves using deep contextualized word representations to model fillers, a technique commonly used in NLP research. Finally, the paper evaluates the effectiveness of its approach on tasks such as stance prediction and predicting speaker confidence, which demonstrate its relevance to the domain of human language understanding and interaction."
P072,1,NeurIPS,"The provided research paper belongs to the NeurIPS conference due to its alignment with the conference's focus on machine learning and neural networks. The paper evaluates the resilience of white-box defenses against adversarial examples, a topic relevant to the conference's interest in the security and robustness of machine learning systems. Additionally, the paper employs established methodologies and technical approaches commonly used in the field of machine learning, demonstrating the paper's connection to the NeurIPS community. Furthermore, the paper's domain focus on adversarial examples and defense mechanisms aligns with the conference's interest in addressing challenges in machine learning applications."
P073,0,NA,NA
P074,1,CVPR,"This paper belongs to CVPR due to several reasons. Firstly, the Agriculture-Vision Challenge is a renowned competition within the CVPR community, focusing on computer vision applications in agriculture. The paper's aim to address this challenge directly aligns with the conference's scope. Secondly, the paper utilizes Transformer-based models, which are state-of-the-art architectures commonly explored in CVPR submissions. Furthermore, the paper's emphasis on agricultural pattern recognition aligns with CVPR's interest in real-world applications of computer vision."
P075,1,KDD,"The paper titled ""Equivariant Adaptation of Large Pretrained Models"" belongs to the KDD conference because it exhibits characteristics that are common among papers presented at this venue. These characteristics include:

- **Research Methodology:** The paper follows a rigorous research methodology, employing empirical validation through extensive experiments and statistical analysis to evaluate the effectiveness of the proposed approach.

- **Technical Approach:** The paper presents a novel technical approach, leveraging pretrained video-text models for instructional video-text alignment, which is a key innovation in the field of multi-step inference and instructional video grounding.

- **Domain Focus:** The paper focuses on the domain of knowledge extraction from instructional videos, which is a relevant area of research at the KDD conference, which often features papers on topics related to data mining and knowledge discovery."
P076,1,NeurIPS,"This research paper is well-suited for NeurIPS due to its focus on the intersection of machine learning, urban planning, and environmental sustainability. The paper explores the use of chaos theory to optimize autonomous vehicle routing, an innovative approach that aligns with NeurIPS' interest in cutting-edge research at the forefront of machine learning and its applications. Additionally, the paper's investigation into the potential for autonomous vehicles to facilitate the creation of ""smart"" traffic jams aligns with NeurIPS' emphasis on the broader societal implications of machine learning technology. The research contributes to the ongoing discourse on sustainable urban transportation and presents a multifaceted analysis of the benefits, challenges, and unforeseen consequences of autonomous vehicle integration, making it a valuable addition to the NeurIPS conference."
P077,0,NA,NA
P078,1,EMNLP,"The paper is suitable for EMNLP because it aligns with the conference's focus on natural language processing (NLP) and machine learning. The research explores the use of LSTM networks for automated text generation, specifically in the context of poetry generation inspired by cosmic microwave background (CMB) distortions. EMNLP is a leading conference for NLP research, and the paper's technical approach and domain focus are within the scope of the conference's interests. The paper presents novel findings on the relationship between CMB distortions and poetic expression, demonstrating the potential of NLP techniques to enhance creativity and explore new modes of artistic expression."
P079,1,EMNLP,"The provided research paper titled ""OmniPrint: A Configurable Generator for Printed Characters"" is well-suited for presentation at the EMNLP conference due to its alignment with the conference's focus on natural language processing and machine learning. The paper introduces OmniPrint, a novel synthetic data generator specifically designed for isolated printed characters. This aligns with EMNLP's interest in advancing research in natural language processing tasks involving character recognition and generation. Furthermore, the paper's methodological approach, which involves the generation and manipulation of character images using machine learning techniques, is in line with EMNLP's emphasis on technical innovation in the field."
P080,1,EMNLP,"The given research paper belongs to the EMNLP conference because it aligns with the conference's focus on natural language processing and machine learning. Specifically, the paper explores the use of large language models (LLMs) in the context of scientific peer review, which is a topic of growing interest within the NLP community. The paper demonstrates a practical application of LLMs in the peer-review process by developing an ""LLM-based Checklist Assistant"" to help authors ensure their submissions adhere to conference standards. This work contributes to the broader area of NLP research on using LLMs for text analysis and decision-making, making it suitable for presentation at the EMNLP conference."
P081,0,NA,NA
P082,1,KDD,"The paper is highly relevant to the KDD conference as it focuses on developing a novel variational learning approach with a specific emphasis on representation learning and disentanglement. The conference has a strong focus on data mining and knowledge discovery, and this paper aligns well with that theme. The paper presents a comprehensive library that facilitates the research, implementation, and evaluation of new variational algorithms. The focus on representation learning and disentanglement is particularly relevant as these are key areas of interest within the KDD community. Furthermore, the paper demonstrates the effectiveness of the library through its use in the Disentanglement Challenge of NeurIPS 2019, achieving a 3rd rank in both phases of the competition. This highlights the library's potential for advancing the field of representation learning and disentanglement."
P083,1,EMNLP,"The research paper belongs to the EMNLP conference because it addresses topics and methods commonly found in natural language processing (NLP) research. Firstly, the paper investigates citation patterns in theNLP research community, highlighting the disparities between Chinese and American researchers. This focus on citation analysis and scholarly communication is a key aspect of EMNLP, which aims to advance the understanding of NLP through sharing and evaluating research findings. Secondly, the paper employs quantitative methods to analyze citation data, including the construction of a citation graph and the calculation of citation counts. This emphasis on empirical research and data-driven analysis is consistent with the rigor and methodology expected in EMNLP submissions. Overall, the paper's focus on NLP-related research, its use of quantitative methods, and its alignment with EMNLP's mission and scope make it a suitable fit for the conference."
P084,1,EMNLP,"The provided research paper aligns with the EMNLP (Empirical Methods in Natural Language Processing) conference due to its heavy focus on natural language processing methodologies and its contributions to the field of machine learning. The paper utilizes large language models (LLMs) to analyze a substantial corpus of research literature, which is a cutting-edge technique in natural language processing. Additionally, the paper's investigation into the ""hard-won lesson"" in the context of computer vision research aligns with EMNLP's broader focus on empirical methods and the advancement of machine learning. The paper's findings and insights contribute to the ongoing discourse on the most efficacious methods for propelling machine learning and natural language processing forward."
P085,1,NeurIPS,"This research paper belongs to the NeurIPS conference because it aligns with the conference's focus on machine learning, artificial intelligence, and related fields. Specifically, the paper examines privacy evaluation in tabular synthetic data, which falls under the umbrella of machine learning and data privacy. The paper's analysis of current privacy assessment frameworks for synthetic datasets contributes to the conference's aim of advancing research in these areas. Furthermore, the paper's discussion of model and data properties, synthesis approaches, and threat models aligns with the conference's emphasis on technical rigor and innovation in machine learning and data science."
P086,0,NA,NA
P087,1,CVPR,"The research paper belongs to the CVPR conference because it aligns with the conference's focus on research in computer vision and pattern recognition. The paper presents a framework for jointly tracking features, which is a crucial task in computer vision. The approach utilizes a low-rank regularization penalty in the tracking optimization problem, which is based on the observation that feature trajectories in video exhibit certain geometric constraints. This research methodology is relevant to the conference's interest in developing novel techniques for feature tracking and motion analysis. Furthermore, the paper demonstrates the effectiveness of the proposed method in various scenarios, including rigid and non-rigid motions, and poorly-lit scenes, which aligns with the conference's emphasis on practical and robust computer vision applications."
P088,1,NeurIPS,"This paper belongs to the NeurIPS conference because it presents research on the analysis of neural networks, specifically focusing on the identification of modular structures within hidden layers. The paper addresses the challenge of defining and measuring modularity in artificial neural networks by reframing the identification of functional modules as the identification of groups of units with similar functions. The research methodology involves examining two main categories of methods for assessing functional similarity: those based on upstream variations in inputs and those based on downstream effects on outputs. The technical approach employs a range of metrics to measure the modularity of hidden layer representations in feedforward networks and analyzes the relationships between pairs of hidden units using established network science tools. The domain focus is on representation learning and the implications of modularity for disentanglement and compositionality in neural networks. These aspects align well with the scope and interests of the NeurIPS conference, which is known for its focus on advancing neural information processing systems."
P089,1,NeurIPS,"This paper belongs to the NeurIPS conference because it presents theoretical findings related to deep learning and neural networks, which are key topics of interest within the NeurIPS community. The paper specifically investigates the validity of the Neural Tangent Kernel (NTK) approximation, a widely used technique for analyzing the training dynamics of neural networks. The paper's technical approach involves mathematical analysis and the development of precise bounds for the validity of the NTK approximation under different conditions. These findings contribute to the ongoing research in NeurIPS, which focuses on advancing the theoretical understanding of deep learning and developing new approximation techniques for analyzing complex learning algorithms."
P090,1,NeurIPS,"This paper addresses the critical challenge of adapting large pretrained models to new tasks while preserving their inherent equivariance properties. It presents a novel method that explicitly leverages the underlying group structure of the data to guide the adaptation process, ensuring that the adapted model retains its equivariance. This is achieved by incorporating a carefully designed regularization scheme derived from group representation theory. The proposed method builds upon recent advancements in equivariant neural networks, which have demonstrated significant promise in various domains, and extends these techniques to the adaptation setting. This allows us to harness the knowledge encoded in large pretrained models while simultaneously maintaining equivariance. The results demonstrate the superiority of the proposed approach over traditional fine-tuning and other state-of-the-art adaptation techniques, particularly in low-data regimes, highlighting the crucial role of equivariance preservation in robust and generalizable model adaptation."
P091,1,EMNLP,"The provided research paper aligns with the EMNLP conference due to its focus on Named Entity Recognition (NER), a core topic in NLP. The paper demonstrates an innovative approach to NER in a novel domain of call center transcripts. Furthermore, the paper employs state-of-the-art techniques like BiLSTM-CRF and customized contextual string embeddings, which are prevalent research directions in EMNLP. Additionally, the paper explores the challenges and nuances of NER in conversational text, which is a topic of significant interest within the NLP community. These factors collectively suggest that the paper's domain focus, technical approach, and research methodology align well with the scope of EMNLP."
P092,1,NeurIPS,"The research paper titled ""Enhanced Image Compression Through Advanced Residual Network Architectures"" presents a novel approach to image compression using advanced residual networks and sub-pixel convolution techniques. This work falls within the scope of NeurIPS, the annual conference on Neural Information Processing Systems.

The paper shares similarities with other research presented at NeurIPS in several key areas:

1. **Research Methodology:** NeurIPS is known for its focus on cutting-edge research using advanced computational methods. This paper employs deep learning techniques, a prominent area of research at NeurIPS, to enhance image compression.

2. **Technical Approach:** The paper introduces innovative network architectures, including deep residual networks and sub-pixel convolution, which align with the conference's emphasis on novel technical approaches to solving complex problems.

3. **Domain Focus:** NeurIPS places a strong emphasis on research related to artificial intelligence and machine learning. This paper contributes to the domain of image compression, a subfield within machine learning that seeks to optimize data storage and transfer.

Overall, the paper's research methodology, technical approach, and domain focus closely align with the core themes of the NeurIPS conference, making it a suitable fit for submission and potential presentation at this prestigious event."
P093,1,TMLR,"The provided research paper is a suitable fit for the TMLR conference due to its alignment with the conference's focus on machine learning research. The paper presents a novel early stopping strategy for Deep Image Prior (DIP) models, which addresses a critical practical limitation in the application of DIP for inverse problems in computational imaging.

The research methodology employed in the paper involves developing and evaluating an efficient early stopping criterion based on the running variance of intermediate DIP reconstructions. This approach provides a reliable method for identifying near-peak performance across various computational imaging tasks and DIP variants, surpassing existing methods that are limited to specific conditions.

Furthermore, the paper explores the impact of overfitting on DIP models and discusses existing strategies for mitigating overfitting, including regularization, noise modeling, and early stopping. The proposed early stopping strategy demonstrates its effectiveness when combined with techniques aimed at reducing overfitting, highlighting its potential for practical applications in computational imaging."
P094,0,NA,NA
P095,1,CVPR,"CVPR is the leading international conference on computer vision and pattern recognition. The paper you analyzed belongs to the CVPR conference because it presents a novel hierarchical reinforcement learning method for playing the open-world game Minecraft. The paper focuses on the challenges of partial observability, high-dimensional visual perception, and delayed rewards in Minecraft and proposes a method that incorporates representation learning and imitation learning to handle perception and exploration. The paper is closely related to the research areas of CVPR, such as reinforcement learning, computer vision, and imitation learning. The proposed method leverages human demonstrations to boost the learning of agents, enabling the RL algorithm to learn rational behaviors with high sample efficiency. This is a significant contribution to the field of CVPR, as it provides a novel approach to learning in open-world games."
P096,0,NA,NA
P097,0,NA,NA
P098,1,KDD,"The paper ""Blockchain-Based Carbon Trading Platforms: A Novel Approach to Mitigating Climate Change"" belongs to the KDD conference because of its focus on data science and its application to the domain of environmental conservation. The paper employs data science techniques, such as artificial intelligence and Internet of Things (IoT) technologies, to enhance the accuracy and efficiency of carbon trading platforms. Additionally, the paper explores the integration of blockchain technology with carbon trading systems, which is a topic of interest to the KDD community. The paper also aligns with the conference's focus on unconventional scenarios and innovative approaches, as it investigates the use of blockchain-based carbon trading platforms in areas such as cryptocurrency mining and the aviation industry. Furthermore, the paper addresses the challenges and opportunities associated with the development and implementation of blockchain-based carbon trading platforms, which is a topic of relevance to the KDD community."
P099,1,CVPR,"The research paper titled ""Enhancing LSTM-based Video Narration Through Text-Derived Linguistic Insights"" belongs to the CVPR conference based on its alignment with the conference's focus areas. CVPR is a prominent venue for research in computer vision and pattern recognition. This paper explores the integration of linguistic knowledge from external text datasets into a video captioning model. It leverages natural language processing techniques to enhance the grammatical correctness and descriptive quality of video descriptions generated using LSTM-based models. The paper demonstrates the effectiveness of these methods through comprehensive experiments on three large video-caption datasets. The technical approach aligns with the conference's emphasis on deep learning, natural language processing, and computer vision techniques. Overall, the paper's focus on enhancing video narration using linguistic insights makes it a suitable fit for the CVPR conference."
P100,0,NA,NA
P101,1,NeurIPS,"The paper titled ""A Convolutional LSTM Network Approach for Identifying Diseases in Medical Volumetric Images with Limited Annotations"" belongs to the NeurIPS conference based on its research methodology, technical approach, and domain focus. Specifically, the paper employs a convolutional long short-term memory (Conv-LSTM) network, which is a type of recurrent neural network well-suited for sequential data, to process 3D medical volumetric images. This approach is commonly used in NeurIPS submissions for medical image analysis tasks. The paper also leverages a weak annotation strategy, relying solely on binary disease labels, which aligns with the conference's emphasis on developing methods that can handle limited annotated data. Furthermore, the paper's focus on medical image analysis for disease identification aligns with NeurIPS's interest in healthcare applications of machine learning."
P102,1,CVPR,"The research paper belongs to the CVPR conference because it focuses on computer vision tasks related to cars. The paper presents a large-scale dataset called ""CompCars"" that covers different car views, internal and external parts, and rich attributes. The paper also demonstrates the use of the dataset for car model classification, car model verification, and attribute prediction. These tasks are all related to computer vision, and the paper contributes to the field by providing a large-scale dataset and novel algorithms for car-related tasks."
P103,1,EMNLP,"The paper belongs to EMNLP as it aligns with the conference's focus on computational linguistics. The research investigates the adaptation of large pretrained models for natural language to command-line translation, which is a challenging task in the field of natural language processing and computational linguistics. The paper leverages the NLC2CMD competition as a testbed for its proposed method, which exemplifies the practical relevance of the research in the context of human-computer interaction and software development. The paper also contributes to EMNLP's focus on advancing natural language understanding and generation models."
P104,1,EMNLP,"The paper belongs to the EMNLP conference because it focuses on enhancing the consistency and performance of pre-trained language models using natural language inference (NLI). EMNLP is a top conference in the field of natural language processing, and the paper's research methodology, technical approach, and domain focus are all relevant to the conference's scope. The paper proposes a novel framework called ConCoRD that utilizes pre-trained NLI models to improve the consistency and accuracy of pre-trained NLP models without fine-tuning or re-training. This approach is innovative and has the potential to significantly impact the field of NLP. The paper's experimental results demonstrate that ConCoRD consistently boosts accuracy and consistency of off-the-shelf closed-book QA and VQA models using off-the-shelf NLI models, further supporting its relevance to the EMNLP conference."
P105,0,NA,NA
P106,0,NA,NA
P107,1,EMNLP,"The provided research paper aligns well with the scope of the EMNLP (Empirical Methods in Natural Language Processing) conference due to its focus on neural approaches for real-time weather forecasting. EMNLP is a leading international conference dedicated to the advancement of empirical methods in natural language processing, including machine learning and deep learning techniques. The paper's exploration of neural network architectures, such as convolutional neural networks and recurrent neural networks, for weather forecasting tasks is directly relevant to the conference's focus on natural language processing applications. Additionally, the paper's investigation of unconventional approaches, such as the use of fractal patterns and chaos theory principles, demonstrates a commitment to pushing the boundaries of natural language processing research, which is a core objective of EMNLP."
P108,1,EMNLP,"The paper is well-suited for EMNLP due to its focus on natural language processing and its use of computational techniques to analyze linguistic data. EMNLP is a leading conference in the field of natural language processing, and the paper's research aligns with the conference's mission to advance the state of the art in NLP research.

Additionally, the paper's use of phonological typology and its focus on under-resourced languages and dialects are also relevant to EMNLP. Phonological typology is a subfield of linguistics that studies the patterns and functions of sounds across the world's languages. Under-resourced languages and dialects are languages that have limited resources available for their study and development, and they are often spoken by marginalized communities. The paper's research on using phonological typology to develop methods for phoneme inventory induction and cross-linguistic consistency analysis is directly relevant to the EMNLP community's interest in developing NLP technologies that can be used to support under-resourced languages and dialects."
P109,1,KDD,"The research paper belongs to the KDD conference due to its alignment with the conference's focus on knowledge discovery and data mining. The paper explores multimodal deep ensemble techniques for identifying hateful memes, a topic that falls within the realm of data mining and knowledge discovery. Its emphasis on utilizing machine learning and ensemble methods for data analysis further aligns with KDD's research interests. Additionally, the paper's technical approach, particularly the use of Transformer models and cross-attention mechanisms, resonates with the conference's preference for innovative and rigorous research methodologies."
P110,1,EMNLP,"The research paper belongs to the EMNLP conference because it focuses on dialogue annotation, which aligns with the conference's interest in natural language processing and machine learning for dialogue systems. The paper presents LIDA, a web-based tool for annotating dialogue data, highlighting its ability to handle the entire annotation pipeline, integrate machine learning models for annotation suggestions, and resolve inter-annotator disagreements. The paper's emphasis on dialogue-specific annotation techniques and its contributions to the field of dialogue annotation make it a suitable fit for the EMNLP conference."
P111,1,NeurIPS,"The research paper belongs to the NeurIPS conference because it presents novel research at the intersection of Bayesian optimization and deep learning, specifically utilizing Bayesian neural networks (BNNs) as surrogate models. This aligns with NeurIPS' focus on advancing machine learning and artificial intelligence, particularly in areas such as Bayesian optimization and neural network applications. The paper showcases the successful application of BNNs to enhance BO performance in complex scientific domains, demonstrating their scalability and ability to incorporate known structures, which is a key aspect of NeurIPS' emphasis on practical and real-world applications of machine learning."
P112,1,EMNLP,"This research paper belongs to the EMNLP conference because it leverages methodologies, techniques, and focuses on a domain that aligns with the conference's scope. The paper employs a self-supervised method using contrastive learning, a prevalent technique in NLP. It also utilizes heterogeneous Graph Convolutional Networks, commonly used in graph-based machine learning within NLP. Additionally, the paper focuses on creating robust genomic sequence representations, a domain of interest within NLP, where sequence representation plays a crucial role. These factors collectively demonstrate the paper's relevance to the EMNLP conference."
P113,1,NeurIPS,"This paper belongs to NeurIPS due to its strong alignment with the conference's focus on foundational and cutting-edge research in machine learning and artificial intelligence. The paper introduces a novel ""GNN for MBRL"" model, which combines a state-space Graph Neural Network with Model-based Reinforcement Learning to tackle complex Multi-Agent Systems (MAS) tasks. This research aligns with NeurIPS' interest in advancing the state-of-the-art in RL by exploring novel approaches to improve sample efficiency and enhance decision-making in multi-agent settings. Moreover, the paper's use of GNNs for state prediction and its integration with MPC resonates with NeurIPS' emphasis on deep learning, optimization, and control theory."
P114,1,KDD,"This paper's inclusion in the KDD conference is justified by its alignment with the conference's focus on knowledge discovery and data mining techniques. The research employs computational modeling and AI algorithms to analyze human traits such as personality and emotions, demonstrating the application of data mining techniques in computational creativity. The system leverages the Big-5 Personality Model to map personality traits to artistic styles, utilizing data-driven insights to enhance the personalization of artistic creations. This approach aligns with the conference's interest in exploring novel techniques for knowledge discovery and their application in various domains."
P115,1,EMNLP,"The research paper aligns with the EMNLP conference's scope as it focuses on multimodal models, particularly exploring the development of extensive multimodal models comparable to GPT-4. The paper delves into the foundational aspects of instruction tuning in large language models, adapting it to the multimodal domain. Furthermore, it showcases the creation of a basic version of multimodal models similar to GPT-4 using publicly available resources, demonstrating practical applications and advancements in the field. These aspects align well with EMNLP's emphasis on natural language processing, multimodal data analysis, and the development of cutting-edge language and vision models."
P116,1,KDD,"The research paper belongs to the KDD conference because it aligns with the conference's focus on knowledge discovery and data mining. The paper introduces a novel decision tree algorithm, Top-k, which addresses the limitations of traditional greedy algorithms in terms of accuracy and scalability. By considering the top k features as potential split candidates at each node, Top-k enhances the exploration of the feature space, mitigating the risk of early commitment to suboptimal splits. This approach leads to deeper and more accurate trees, particularly in high-dimensional settings where irrelevant features can confound traditional greedy algorithms. The paper's theoretical analysis and extensive empirical evaluation support the effectiveness of Top-k, demonstrating its superiority across benchmark datasets. Additionally, the paper explores the integration of Top-k into ensemble methods like random forests, highlighting its versatility and potential for further performance enhancements. Overall, the paper's focus on improving decision tree algorithms for knowledge discovery and data mining aligns well with the scope of the KDD conference."
P117,1,EMNLP,"This research paper falls under the scope of the EMNLP conference due to its focus on natural language processing (NLP) and computer vision. The paper explores the relationship between word vectors and visual patterns, leveraging word vector representations to address image tagging tasks. EMNLP is a prominent venue for research at the intersection of NLP and computer vision, making this paper a suitable fit for the conference."
P118,1,EMNLP,"The paper belongs to the EMNLP conference because it addresses the challenges of low-resource part-of-speech tagging using distant supervision from disparate sources. The conference focuses on natural language processing and computational linguistics, which aligns with the paper's topic. The paper's research methodology, using cross-lingual neural part-of-speech tagging and annotation projection with word alignment probabilities, is commonly employed in EMNLP research. Additionally, the paper's focus on low-resource languages and the use of heterogeneous learning signals is relevant to the conference's interest in advancing NLP for under-resourced languages and leveraging multiple data sources."
P119,0,NA,NA
P120,1,EMNLP,"The research paper belongs to the EMNLP conference due to its focus on Natural Language Processing (NLP). The paper introduces a toolkit called diagNNose, which is designed for examining activations within deep neural networks, with a particular focus on NLP architectures like LSTMs and Transformers. The paper demonstrates the application of diagNNose in a case study centered on subject-verb agreement within language models. Additionally, the paper discusses various interpretability techniques used for analyzing NLP models, such as targeted syntactic evaluations, probing with diagnostic classifiers, and feature attributions. These techniques are commonly employed in EMNLP research and contribute to the understanding of how language models encode linguistic knowledge."
P121,1,NeurIPS,"The research paper belongs to the NeurIPS conference because it aligns with the conference's focus on the theoretical foundations of neural information processing systems. The paper presents a novel approach to address the problem of plasticity loss in deep reinforcement learning (RL) agents. This problem, where agents lose their ability to learn effectively over time, is a significant challenge in RL. The paper introduces a ""plasticity injection"" approach that directly tackles the root causes of plasticity loss. This approach offers a more efficient and adaptable solution compared to existing methods. The paper also provides a thorough analysis of the proposed approach in various RL benchmarks and demonstrates its effectiveness in improving long-term performance and learning stability. The research methodology, technical approach, and domain focus of the paper align well with the scope of the NeurIPS conference, which is a leading venue for presenting advancements in neural information processing and machine learning."
P122,1,EMNLP,"The research paper belongs to the EMNLP conference because it aligns with the conference's focus on natural language processing (NLP). The paper presents a methodology for short-term precipitation forecasting using satellite data, which involves processing and interpreting satellite imagery to extract relevant information related to precipitation patterns. This research falls within the broader domain of NLP, as it leverages machine learning techniques to extract insights from complex data sources. The proposed approach exhibits similarities to other papers at EMNLP in terms of its research methodology, technical approach, and domain focus on NLP applications in weather forecasting."
P123,1,EMNLP,"The research paper belongs to the EMNLP conference because it aligns with the conference's focus on natural language processing (NLP) and machine learning. The paper presents a novel approach for acquiring cross-domain representations for contextual detection using extensive emoji data. This approach leverages distant supervision from a large collection of emoji occurrences to train models for richer emotional representation. The paper demonstrates the effectiveness of the proposed approach on various benchmark datasets for sentiment, emotion, and sarcasm detection, achieving state-of-the-art results. Overall, the paper's research methodology, technical approach, and domain focus make it a suitable fit for the EMNLP conference."
P124,1,EMNLP,"The given research paper belongs to EMNLP due to its alignment with the conference's focus on research methodology, technical approach, and domain focus. The paper's utilization of time-series analysis and incorporation of chaos theory, fractal analysis, and celestial event analysis in predictive maintenance demonstrates an innovative and multidisciplinary approach. This aligns with EMNLP's emphasis on exploring novel methodologies and combining diverse perspectives to advance natural language processing and machine learning. Additionally, the application of these techniques to the domain of smart grids reinforces the conference's interest in practical applications of natural language processing and machine learning in various industries."
P125,1,EMNLP,"The research paper, ""DISCOSENSE: Commonsense Reasoning with Discourse Connectives,"" aligns well with the EMNLP conference due to its focus on natural language processing and its emphasis on both research methodology and technical approach. The core of the paper revolves around evaluating the ability of language models to perform commonsense reasoning using discourse connectives, making it a suitable fit for the conference's focus on natural language understanding and generation. Additionally, the paper's use of Conditional Adversarial Filtering as a method for generating plausible incorrect options demonstrates a novel technical approach that is relevant to the conference's interest in innovative research methodologies."
P126,1,EMNLP,"The submitted research paper is well-suited for the EMNLP conference due to its alignment with the conference's central themes and established research methodologies. EMNLP focuses on natural language processing (NLP), machine learning, and computational linguistics, and this paper delves into the application of deep learning techniques within the context of NLP. The paper's focus on designing data markets using deep learning techniques aligns well with the conference's emphasis on the intersection of data science and NLP. Additionally, the research methodology employed in the paper, involving the development and evaluation of a novel algorithm for causal effect estimation, is in line with the rigorous scientific approach typically found in EMNLP submissions. The paper's technical approach, leveraging cross-moments and a single proxy variable for causal inference, showcases innovative and cutting-edge techniques that are relevant to the EMNLP community."
P127,1,EMNLP,"The research paper belongs to the EMNLP conference because it aligns with the conference's focus on the intersection of natural language processing (NLP) and machine learning. The paper explores the impact of machine learning systems on personal privacy, specifically examining strategies to counter privacy threats posed by these systems. This aligns with EMNLP's interest in exploring the ethical and societal implications of NLP technologies."
P128,1,EMNLP,"This research paper belongs to the EMNLP conference as it aligns with the conference's focus on Natural Language Processing (NLP) research. The paper presents an end-to-end neural discourse deixis resolution model for dialogue, which is a specialized area within NLP. This model builds upon existing entity coreference models, but incorporates task-specific extensions to improve performance for the discourse deixis resolution task. The paper's research methodology, technical approach, and domain focus all align with the scope of EMNLP, making it an appropriate fit for the conference."
P129,0,NA,NA
P130,1,EMNLP,"The research paper belongs to the EMNLP conference because it explores the psycholinguistic effects of robot stand-up comedy on workplace morale. The paper leverages a BERT-based analysis of humanoid punchlines to elucidate the complex interplay between artificial humor and human emotional responses. This research aligns with the conference's focus on natural language processing and its applications in various domains. The paper also investigates the impact of advanced language models like BERT in understanding human humor and laughter, which is a key topic of interest within the EMNLP community. Additionally, the paper highlights the potential benefits and challenges of using robot stand-up comedy in workplace settings, which aligns with the conference's interest in exploring the intersection of technology and human behavior."
P131,1,CVPR,"This paper is a relevant fit for the CVPR conference, a leading venue for research in computer vision and pattern recognition. The paper's focus on disentanglement in variational autoencoders aligns with the conference's interest in representation learning and generative models. The proposed approach leverages pretrained models and feature aggregation techniques, demonstrating a novel application of existing knowledge in the field. The empirical evaluation on the 2019 Disentanglement Challenge further supports the paper's relevance to CVPR, as it showcases the practical impact of the proposed method on a challenging computer vision task."
P132,1,CVPR,"The research paper belongs to the CVPR conference because it presents a novel framework for analyzing fermentation patterns with multi-modal transformers, which is a topic of interest within the computer vision and pattern recognition community. The paper utilizes multi-modal data, including microbial genome sequencing data, high-resolution images of bread crumb structures, and audio recordings of dough mixing patterns, which aligns with the conference's focus on developing techniques for processing and analyzing diverse data types. Furthermore, the paper explores the relationship between microbial community composition and bread texture, demonstrating the potential for using computer vision and machine learning techniques to improve bread-baking outcomes, which is relevant to the conference's applications-oriented approach."
P133,1,EMNLP,"Based on the analysis of the methods and problem setting, this paper falls under the scope of EMNLP conference. Firstly, the problem of discontinuous parsing being reduced to a sequence labeling task aligns with the theme of the conference, which focuses on natural language processing and computational linguistics. Secondly, the use of neural transducers and representations of tree discontinuities as nearly ordered permutations of the input sequence demonstrates the technical novelty and rigor expected in EMNLP submissions. Thirdly, the paper's focus on free word order languages in discontinuous parsing is relevant to the conference's interest in exploring various aspects of natural language analysis and understanding."
P134,0,NA,NA
P135,1,NeurIPS,"The paper ""A Decentralized Local Stochastic Extragradient Approach for Variational Inequalities"" is well-suited for the NeurIPS conference due to its significant contributions to the fields of distributed optimization and machine learning. The paper addresses the challenging problem of solving decentralized stochastic variational inequalities (VIs) in unbounded domains with heterogeneous data distributed across multiple devices. This research area aligns with NeurIPS' focus on advancing the theoretical foundations of machine learning and artificial intelligence.

The paper's methodology aligns with NeurIPS' emphasis on rigorous mathematical analysis. It presents a novel decentralized local stochastic extragradient method and provides theoretical convergence guarantees under various assumptions on the network topology, data heterogeneity, and problem structure. These theoretical results contribute to the understanding of the behavior of decentralized algorithms in complex network settings.

Furthermore, the paper explores the application of the proposed method to the training of deep generative adversarial networks (GANs), which is a prominent topic in NeurIPS. GANs involve solving saddle-point problems, and the paper's approach provides a decentralized solution for this challenging task. The experimental results demonstrate the effectiveness of the proposed method in training decentralized GANs, showcasing its practical significance in the field of machine learning.

Overall, the paper's contributions to decentralized optimization, machine learning theory, and the application to GANs make it a valuable addition to the NeurIPS conference."
